Model,AIC,BIC,Train_RMSE,Test_RMSE,Train_R2,Test_R2
ARIMA,1765.5637290502377,1774.5956349325265,84.7907067280129,43.794670073121026,0.7895048185542035,-6887219.287544115
AR1,1763.2291969173073,1772.261102799596,84.64720783255065,49.6187708802569,0.7914831806306888,-8840837.564220132
DLM,1084.4294853195056,1090.4640449931355,35.78687038863122,0.0457477497616806,0.9625032964545147,-6.51520669909375
