Model,Train_RMSE,Test_RMSE
ARIMA,5458288513.60752,120421304.48491737
DLM,3478961320.6553617,636049.2590387134
Neural Network,4824401694.187039,N/A
