Model,Train_RMSE,Test_RMSE
"ARIMA(1,1,1)",5458288513.60752,120421304.48491737
DLM,1005936875.0126153,742753.5147376315
