Model,Train_RMSE,Test_RMSE
ARIMA,5333284191.372055,144470365.59305575
DLM,996392815.302767,2322268.109681636
Neural Network,5345957310.296962,N/A
