Model,Train_RMSE,Test_RMSE
ARIMA,5458288513.60752,120421304.48491737
DLM,1005936875.0126153,6849321.170870264
Neural Network,4824401694.187039,N/A
