Model,Train_RMSE,Test_RMSE
ARIMA,9502767.174956985,183138.9941995802
DLM,6259570.395718221,179364.2571588615
Neural Network,8246829.016102441,N/A
